n_drones,trial,offset_deg,mothership_survived,n_drones_lost,time_to_resolution,min_miss_distance,sam_outcome,sam_victim
0,0,-13.962062983888396,False,0,18.850000000000133,3.5939529148728542e-06,kill,F16
0,1,-19.630332007763773,False,0,19.000000000000135,1.3533758514108766e-06,kill,F16
0,2,-9.604154514936653,False,0,18.75000000000013,1.7599758883706536e-10,kill,F16
0,3,6.271185843279504,True,0,18.75000000000013,4.9800782574464775e-05,miss,
0,4,-23.16845658278579,True,0,19.100000000000136,4.7933809822247386e-06,miss,
0,5,-19.01055938974143,True,0,18.950000000000134,2.3185986057784404e-09,miss,
0,6,18.14964035711212,False,0,18.950000000000134,1.9866588241212812e-06,kill,F16
0,7,23.669723600357784,False,0,19.100000000000136,2.635068493114943e-08,kill,F16
0,8,-21.690912858710497,True,0,19.050000000000136,8.338366252457885e-07,miss,
0,9,-9.413011675504135,False,0,18.75000000000013,5.266904632193893e-09,kill,F16
0,10,-3.7151902215215213,False,0,18.70000000000013,1.9673704021741612e-09,kill,F16
0,11,0.5983479833809753,False,0,18.70000000000013,2.0186829222830354e-07,kill,F16
0,12,15.70920370058717,False,0,18.900000000000134,1.2057032938172889e-06,kill,F16
0,13,21.69411990713833,False,0,19.050000000000136,7.840893774346958e-07,kill,F16
0,14,-17.78683740425089,False,0,18.950000000000134,1.2140010260805804e-06,kill,F16
0,15,12.81813283973851,False,0,18.800000000000132,6.455404867813121e-09,kill,F16
0,16,-2.8723112976908567,False,0,18.70000000000013,5.7474268057166586e-08,kill,F16
0,17,-8.758672501567295,False,0,18.75000000000013,8.357013989674849e-10,kill,F16
0,18,15.09222332568804,False,0,18.850000000000133,5.086485200773984e-09,kill,F16
0,19,-0.388530776318337,False,0,18.70000000000013,1.3618067954394591e-06,kill,F16
0,20,4.071212100049593,False,0,18.70000000000013,1.781405847146706e-08,kill,F16
0,21,-6.236356262611189,False,0,18.75000000000013,0.00015421672825350423,kill,F16
0,22,11.762615769917097,False,0,18.800000000000132,3.2325247232807946e-09,kill,F16
0,23,15.956853796969412,False,0,18.900000000000134,1.4616203302903626e-06,kill,F16
0,24,-5.408883306909075,True,0,18.70000000000013,6.245629072482971e-10,miss,
0,25,-16.008444341772755,False,0,18.900000000000134,2.204072269559802e-05,kill,F16
0,26,17.006391942532453,False,0,18.900000000000134,1.2258998806041192e-08,kill,F16
0,27,10.193080903624882,False,0,18.800000000000132,2.643764548288066e-06,kill,F16
0,28,-4.800264922339341,True,0,18.70000000000013,3.584343705259031e-11,miss,
0,29,-15.268115503301338,False,0,18.850000000000133,9.15276788748429e-09,kill,F16
0,30,-13.451930056569793,False,0,18.850000000000133,6.199725172837657e-06,kill,F16
0,31,13.566696099598424,False,0,18.850000000000133,1.9609483844576814e-06,kill,F16
0,32,11.732387724725832,False,0,18.800000000000132,9.272284868490404e-09,kill,F16
0,33,-6.108341494808396,False,0,18.75000000000013,1.35088404326751e-06,kill,F16
0,34,-7.374949804141946,False,0,18.75000000000013,6.0426822899143745e-05,kill,F16
0,35,-20.570895869581374,False,0,19.000000000000135,5.735784920529643e-09,kill,F16
0,36,5.721644457157389,False,0,18.75000000000013,5.198630374523499e-06,kill,F16
0,37,23.350291264429515,False,0,19.100000000000136,4.893028124871849e-07,kill,F16
0,38,0.9873828151716709,False,0,18.70000000000013,1.0250495806694183e-07,kill,F16
0,39,-24.176314940458138,False,0,19.100000000000136,1.9756520223834103e-09,kill,F16
0,40,7.093313457562935,True,0,18.75000000000013,3.1072188485793835e-06,miss,
0,41,1.677342087246565,False,0,18.70000000000013,3.758702397079082e-08,kill,F16
0,42,-23.520625097661046,False,0,19.100000000000136,5.510203424484185e-08,kill,F16
0,43,-7.589974039050934,False,0,18.75000000000013,7.020416701285659e-07,kill,F16
0,44,-21.223462387186327,False,0,19.050000000000136,4.638285701896841e-06,kill,F16
0,45,-22.974834044203153,False,0,19.100000000000136,1.2157500676220385e-05,kill,F16
0,46,-8.92931269499441,False,0,18.75000000000013,1.8344703160904974e-08,kill,F16
0,47,2.064315157479001,False,0,18.70000000000013,1.6601067148215224e-08,kill,F16
0,48,19.700077708136973,False,0,19.000000000000135,1.6434532681184327e-05,kill,F16
0,49,20.25405648188493,False,0,19.000000000000135,5.838526605348621e-07,kill,F16
0,50,-8.095449854912122,True,0,18.75000000000013,7.349190316161506e-08,miss,
0,51,-19.369985367674985,False,0,18.950000000000134,2.3010016245387396e-09,kill,F16
0,52,15.53101780746467,False,0,18.900000000000134,5.683257918435444e-06,kill,F16
0,53,5.292550404124157,False,0,18.70000000000013,1.5668220381063598e-09,kill,F16
0,54,-12.440983082330186,False,0,18.800000000000132,4.2353632544381926e-08,kill,F16
0,55,6.761649073489906,False,0,18.75000000000013,1.5500275069784876e-06,kill,F16
0,56,22.881725842488386,False,0,19.100000000000136,1.667455042865414e-06,kill,F16
0,57,22.98099748913497,False,0,19.100000000000136,1.0217105207022816e-05,kill,F16
0,58,24.836546275612186,False,0,19.150000000000137,8.436963635413104e-08,kill,F16
0,59,12.76494722026775,False,0,18.800000000000132,1.3112334695443285e-08,kill,F16
1,0,1.9962524054980726,True,1,18.400000000000126,6.804411203053894,kill,drone_0
1,1,20.039267008999623,True,0,18.450000000000127,6.321184303952921,miss,
1,2,-14.785953385539935,True,1,18.55000000000013,6.069726612808886,kill,drone_0
1,3,-2.4359264102494897,True,1,18.400000000000126,6.583860025055725,kill,drone_0
1,4,22.484243260454612,True,1,18.450000000000127,5.751237349344138,kill,drone_0
1,5,3.9069400283929068,True,1,18.400000000000126,6.808058606185717,kill,drone_0
1,6,-21.5194842547559,True,1,18.60000000000013,6.722924126672427,kill,drone_0
1,7,-5.6478329999616115,True,0,18.450000000000127,5.808510091453645,miss,
1,8,-20.933552965165454,True,0,18.60000000000013,6.883574719461255,miss,
1,9,1.4436828589206812,True,1,18.400000000000126,6.792717392296184,kill,drone_0
1,10,-23.388264799545283,True,1,18.65000000000013,5.64780995880529,kill,drone_0
1,11,1.4980745869566618,True,1,18.400000000000126,6.793096186466375,kill,drone_0
1,12,-4.5851070134914345,True,0,18.450000000000127,5.924412372540994,miss,
1,13,14.97953973810425,True,0,18.400000000000126,6.271429447073596,miss,
1,14,-18.76290652626564,True,1,18.60000000000013,6.030966760762521,kill,drone_0
1,15,8.534861001569602,True,1,18.400000000000126,6.656950176166917,kill,drone_0
1,16,-3.295339081090674,True,1,18.400000000000126,6.526819803458935,kill,drone_0
1,17,15.27733922393368,True,1,18.450000000000127,5.66785216186053,kill,drone_0
1,18,0.3411085832563714,True,1,18.400000000000126,6.754660673821673,kill,drone_0
1,19,12.81614723592564,True,0,18.400000000000126,6.493725100913515,miss,
1,20,-18.078915173301702,True,1,18.55000000000013,6.70384378497889,kill,drone_0
1,21,-20.624405663829403,True,0,18.60000000000013,6.977345941944,miss,
1,22,-18.51302803943163,True,1,18.60000000000013,6.102916102595606,kill,drone_0
1,23,19.09232800681213,True,0,18.450000000000127,6.4162964176147455,miss,
1,24,1.2507436674109762,True,1,18.400000000000126,6.780639591219264,kill,drone_0
1,25,20.838514064145357,True,1,18.450000000000127,6.143037786171168,kill,drone_0
1,26,-11.643634252220892,True,1,18.500000000000128,5.785426985134247,kill,drone_0
1,27,-5.638933045590548,True,1,18.450000000000127,5.8093817524558276,kill,drone_0
1,28,13.184172236300064,True,1,18.400000000000126,6.4950058909798,kill,drone_0
1,29,-3.5323530591930563,True,0,18.400000000000126,6.514386950161305,miss,
1,30,1.7093546123571848,True,1,18.400000000000126,6.794173083123867,kill,drone_0
1,31,24.200677458810922,True,1,18.500000000000128,4.790671709623869,kill,drone_0
1,32,16.626028539290587,True,1,18.450000000000127,5.3295380176116,kill,drone_0
1,33,-22.434945352706578,True,1,18.65000000000013,6.015031768927476,kill,drone_0
1,34,-8.046705000537465,True,1,18.450000000000127,6.887361416852653,kill,drone_0
1,35,-19.15688401446894,True,1,18.60000000000013,5.944578134719791,kill,drone_0
1,36,-20.089365911647526,True,1,18.60000000000013,5.639054603611638,kill,drone_0
1,37,-15.873213515317897,True,1,18.55000000000013,5.816359964250346,kill,drone_0
1,38,8.079197382101349,True,0,18.400000000000126,6.6840525682438345,miss,
1,39,6.83910200303416,True,1,18.400000000000126,6.743020261426148,kill,drone_0
1,40,-23.451367329498613,True,0,18.65000000000013,5.60528944556228,miss,
1,41,20.688461867443706,True,0,18.450000000000127,6.179035826841784,miss,
1,42,-17.760392464574775,True,1,18.55000000000013,6.779265580592232,kill,drone_0
1,43,-10.635807625903738,True,0,18.500000000000128,5.962792146024138,miss,
1,44,4.3480939619157795,True,1,18.400000000000126,6.804870021004754,kill,drone_0
1,45,20.547381179022295,True,0,18.450000000000127,6.208418379109635,miss,
1,46,3.6875279240918712,True,0,18.400000000000126,6.813332980976771,miss,
1,47,8.462233167821012,True,1,18.400000000000126,6.662776708607184,kill,drone_0
1,48,1.2964480097726607,True,1,18.400000000000126,6.7810856138346445,kill,drone_0
1,49,-17.152375086983625,True,0,18.55000000000013,6.949010330672068,miss,
1,50,7.393442702020806,True,0,18.400000000000126,6.715943194962678,miss,
1,51,18.376301402879662,True,1,18.450000000000127,6.42200767623478,kill,drone_0
1,52,15.986787276198099,True,1,18.450000000000127,5.495271048377904,kill,drone_0
1,53,19.861688680730843,True,0,18.450000000000127,6.357887328362087,miss,
1,54,15.102548322709536,True,1,18.400000000000126,6.258585798714493,kill,drone_0
1,55,20.87173316863705,True,1,18.450000000000127,6.135003331881651,kill,drone_0
1,56,23.483913759424816,True,1,18.500000000000128,4.931666442176807,kill,drone_0
1,57,5.74351246759311,True,0,18.400000000000126,6.77662739681823,miss,
1,58,23.268685901671773,True,0,18.500000000000128,4.977007194086844,miss,
1,59,0.8629888122633105,True,1,18.400000000000126,6.775645071302905,kill,drone_0
2,0,20.19512720250242,True,1,18.450000000000127,6.286070063187799,kill,drone_0
2,1,14.17016276694514,True,1,18.400000000000126,6.409893996878664,kill,drone_0
2,2,17.298080385847136,True,1,18.450000000000127,5.168617055616493,kill,drone_0
2,3,18.493942935693212,True,1,18.450000000000127,6.4217795176131975,kill,drone_0
2,4,-19.121225288744693,True,0,18.55000000000013,6.634191828071199,miss,
2,5,-16.1355819727886,True,0,18.500000000000128,6.605194806750148,miss,
2,6,-22.088665491993794,True,1,18.55000000000013,6.603412085786116,kill,drone_1
2,7,17.14643720540733,True,1,18.450000000000127,5.204210075898711,kill,drone_0
2,8,9.820247773952197,True,1,18.400000000000126,6.577074395692601,kill,drone_0
2,9,1.1642052183338016,True,1,18.400000000000126,6.779712745705942,kill,drone_0
2,10,-21.06374665116126,True,1,18.55000000000013,6.679079263081147,kill,drone_1
2,11,-4.763410355097587,True,0,18.450000000000127,5.890429810267601,miss,
2,12,1.909478997925895,True,1,18.400000000000126,6.8043775556855515,kill,drone_0
2,13,-24.338591798571034,True,1,18.60000000000013,5.659847615167718,kill,drone_1
2,14,-9.87337720925735,True,1,18.500000000000128,5.741569838711317,kill,drone_1
2,15,-18.4188652750124,True,0,18.55000000000013,6.9182993354690145,miss,
2,16,-21.08621376266176,True,1,18.55000000000013,6.675793418628205,kill,drone_1
2,17,4.723907965798279,True,0,18.400000000000126,7.426286540171202,miss,
2,18,3.4664118700915836,True,1,18.400000000000126,6.817984157452137,kill,drone_0
2,19,1.7387030915817903,True,0,18.400000000000126,6.794273057582128,miss,
2,20,-2.0663115818404343,True,1,18.400000000000126,6.604739362616275,kill,drone_0
2,21,-20.173546374235258,True,1,18.55000000000013,5.297559298681193,kill,drone_1
2,22,14.903810914057386,True,0,18.400000000000126,6.287341711374351,miss,
2,23,-4.702489414744377,True,1,18.450000000000127,5.896177890388538,kill,drone_0
2,24,8.820097856233403,True,0,18.400000000000126,6.64189815813394,miss,
2,25,-1.661105043671558,True,1,18.400000000000126,8.0319446130838,kill,drone_0
2,26,16.42366031067636,True,1,18.450000000000127,5.3694318403146015,kill,drone_0
2,27,20.445047833863022,True,0,18.450000000000127,6.232208852981883,miss,
2,28,-6.075475943907616,True,1,18.450000000000127,5.752465700896343,kill,drone_0
2,29,24.498359390053565,True,1,18.500000000000128,4.628269851984388,kill,drone_0
2,30,-6.930152674585276,True,0,18.450000000000127,7.047715046634018,miss,
2,31,17.800193640739877,True,1,18.450000000000127,5.005947731638176,kill,drone_0
2,32,17.285003814830063,True,0,18.450000000000127,5.152043172522616,miss,
2,33,18.584859613281374,True,0,18.450000000000127,6.410209834337832,miss,
2,34,-7.929635670388457,True,0,18.450000000000127,7.0301716226242394,miss,
2,35,-23.639742004694124,True,1,18.55000000000013,6.753720568782935,kill,drone_1
2,36,-14.15920491870718,True,1,18.500000000000128,6.980802947583284,kill,drone_1
2,37,-20.856457141940755,True,1,18.55000000000013,6.703745405273059,kill,drone_1
2,38,20.489933765024368,True,0,18.450000000000127,7.03511493367877,miss,
2,39,24.77045021687563,True,0,18.500000000000128,6.112819703153364,miss,
2,40,2.166953314477354,True,1,18.400000000000126,6.8041768105018114,kill,drone_0
2,41,-16.510954118919727,True,0,18.500000000000128,6.5853149946695115,miss,
2,42,7.3042595099756875,True,1,18.400000000000126,6.721945054285165,kill,drone_0
2,43,-12.9959478731272,True,0,18.500000000000128,6.938577073687686,miss,
2,44,-4.2958684847151325,True,1,18.450000000000127,5.951453827082659,kill,drone_0
2,45,15.337023424374701,True,1,18.450000000000127,5.648453795734039,kill,drone_0
2,46,4.560731432063207,True,1,18.400000000000126,6.807105046784826,kill,drone_0
2,47,-4.150262770576301,True,0,18.450000000000127,5.966091687954313,miss,
2,48,-12.591670081908479,True,0,18.500000000000128,8.861564135906661,miss,
2,49,12.94984027617663,True,1,18.400000000000126,6.490855594595634,kill,drone_0
2,50,-17.530137459959,True,1,18.55000000000013,6.004497144384675,kill,drone_1
2,51,-13.661178975882493,True,1,18.500000000000128,6.859244306544643,kill,drone_1
2,52,-6.356563427886247,True,1,18.450000000000127,5.726656711801873,kill,drone_0
2,53,24.331152068539748,True,1,18.500000000000128,4.719803885805687,kill,drone_0
2,54,-22.329715072004745,True,1,18.55000000000013,6.597078216915284,kill,drone_1
2,55,6.191600137865638,True,0,18.400000000000126,6.762674788136545,miss,
2,56,16.145942516770454,True,1,18.450000000000127,5.472122115664247,kill,drone_0
2,57,22.022183176553355,True,1,18.450000000000127,5.861059273742249,kill,drone_0
2,58,3.9597698949391287,True,1,18.400000000000126,6.815909001210011,kill,drone_0
2,59,-15.93848605617683,True,0,18.500000000000128,6.613684128888039,miss,
3,0,-0.6516743264834268,True,1,18.400000000000126,7.3302250884656015,kill,drone_0
3,1,0.11863038891370437,True,0,18.400000000000126,7.224292065136533,miss,
3,2,-10.489653678885569,True,1,18.500000000000128,7.239887449521983,kill,drone_1
3,3,1.6962212780415804,True,1,18.400000000000126,7.0827004728420935,kill,drone_0
3,4,-23.466819320112954,True,1,18.55000000000013,6.653410077539463,kill,drone_1
3,5,-20.051997386944887,True,1,18.55000000000013,5.285078201531076,kill,drone_1
3,6,5.660928247475859,True,1,18.400000000000126,5.918252235572516,kill,drone_0
3,7,21.980429375863338,True,1,18.450000000000127,5.715494659090135,kill,drone_0
3,8,7.198114562718373,True,0,18.400000000000126,7.432262353240755,miss,
3,9,-22.263496128978495,True,1,18.55000000000013,7.067115194786515,kill,drone_1
3,10,3.1796855431405824,True,1,18.400000000000126,7.297372682079547,kill,drone_0
3,11,15.558601561985116,True,1,18.400000000000126,6.050424468192726,kill,drone_0
3,12,-11.907414091350626,True,1,18.500000000000128,7.743668533813609,kill,drone_1
3,13,-4.21559373842949,True,1,18.400000000000126,6.596656121707016,kill,drone_0
3,14,11.979984624244736,True,1,18.400000000000126,6.167381392565114,kill,drone_0
3,15,6.650013686690325,True,1,18.400000000000126,6.384860109895625,kill,drone_0
3,16,-13.607106854652763,True,1,18.500000000000128,7.405173777249077,kill,drone_1
3,17,-12.816992306688462,True,1,18.500000000000128,6.703515662500136,kill,drone_1
3,18,-10.705832531786996,True,1,18.500000000000128,6.282054644958755,kill,drone_1
3,19,4.484155705479399,True,1,18.400000000000126,7.562063213916707,kill,drone_0
3,20,18.944523895916788,True,0,18.450000000000127,6.10064693910588,miss,
3,21,-18.594149764458724,True,1,18.55000000000013,6.889637161587969,kill,drone_1
3,22,-15.491362802897061,True,1,18.500000000000128,6.5848672476845715,kill,drone_1
3,23,4.128476739255664,True,1,18.400000000000126,7.195584024418351,kill,drone_0
3,24,-8.237205687671484,True,1,18.450000000000127,7.147039600463666,kill,drone_0
3,25,4.564533343863342,True,1,18.400000000000126,7.337271763335595,kill,drone_0
3,26,-11.368729713940839,True,1,18.500000000000128,7.341119549667045,kill,drone_1
3,27,11.594058112238372,True,1,18.400000000000126,7.031906634686466,kill,drone_0
3,28,23.853013086881333,True,0,18.500000000000128,4.620164432473269,miss,
3,29,19.644452270560198,True,0,18.450000000000127,5.164558888677051,miss,
3,30,10.558493563979603,True,1,18.400000000000126,6.86973403753836,kill,drone_0
3,31,-19.92631807488871,True,1,18.55000000000013,8.290062400201027,kill,drone_1
3,32,-4.801369101846813,True,1,18.400000000000126,7.065234438188539,kill,drone_0
3,33,-0.11104136507175255,True,1,18.400000000000126,6.820294343583335,kill,drone_0
3,34,7.045232233118121,True,1,18.400000000000126,7.304103199544743,kill,drone_0
3,35,19.591428294342727,True,1,18.450000000000127,5.690892451956744,kill,drone_0
3,36,23.80942207291497,True,1,18.500000000000128,4.264222483210844,kill,drone_0
3,37,-24.83650216121657,True,0,18.60000000000013,4.91539678011361,miss,
3,38,6.460918970021222,True,1,18.400000000000126,6.503447021405079,kill,drone_0
3,39,3.5175376167753463,True,1,18.400000000000126,6.092203921289638,kill,drone_0
3,40,-9.052093540209489,True,1,18.450000000000127,6.782364767550998,kill,drone_0
3,41,-6.093497454280435,True,1,18.450000000000127,8.468560487418662,kill,drone_0
3,42,12.295173718263328,True,1,18.400000000000126,6.8820218161496705,kill,drone_0
3,43,-11.82741192649645,True,0,18.500000000000128,8.099174122979157,miss,
3,44,24.448903642929174,True,1,18.500000000000128,5.871469151638932,kill,drone_0
3,45,6.289872909223181,True,1,18.400000000000126,6.88169021498894,kill,drone_0
3,46,-20.164000006716606,True,0,18.55000000000013,7.270827725825517,miss,
3,47,-20.593081964515896,True,1,18.55000000000013,5.632105365758365,kill,drone_1
3,48,3.2364759747214578,True,1,18.400000000000126,6.585817945305101,kill,drone_0
3,49,-22.58167308131228,True,1,18.55000000000013,6.569135477578018,kill,drone_1
3,50,-24.814824090626647,True,1,18.60000000000013,5.261445143603923,kill,drone_1
3,51,-5.065516050631796,True,1,18.450000000000127,5.791754953846835,kill,drone_0
3,52,5.536544485646978,True,0,18.400000000000126,6.770853665465558,miss,
3,53,-7.300480423525592,True,1,18.450000000000127,6.858824096243205,kill,drone_0
3,54,-2.3359070714110644,True,1,18.400000000000126,7.099142440559271,kill,drone_0
3,55,-18.522284570931653,True,1,18.55000000000013,5.6450170139871,kill,drone_1
3,56,11.78580810983079,True,0,18.400000000000126,6.6923811234257755,miss,
3,57,-19.916361451597187,True,1,18.55000000000013,7.518355380906604,kill,drone_1
3,58,24.518100302888833,True,0,18.500000000000128,4.355653336548105,miss,
3,59,13.3702155185305,True,1,18.400000000000126,6.5526438248256955,kill,drone_0
4,0,1.9510286387365028,True,0,18.400000000000126,7.553113173462805,miss,
4,1,-4.111227707931686,True,1,18.400000000000126,8.03452177298573,kill,drone_0
4,2,-19.918019257536713,True,0,18.55000000000013,7.717787727154953,miss,
4,3,-2.9399985088455054,True,1,18.400000000000126,7.364281680117098,kill,drone_0
4,4,-2.116905944737859,True,1,18.400000000000126,6.9357707356623335,kill,drone_0
4,5,-15.721068140054674,True,1,18.500000000000128,7.171968551843314,kill,drone_1
4,6,16.21486875919586,True,1,18.400000000000126,5.2140358117173555,kill,drone_0
4,7,2.6996376654347856,True,1,18.400000000000126,7.594835007971026,kill,drone_0
4,8,-22.386829147990888,True,0,18.55000000000013,6.6067718055407,miss,
4,9,-7.930857820452996,True,0,18.450000000000127,7.948922609950883,miss,
4,10,-3.1228354640718656,True,1,18.400000000000126,6.694774469664783,kill,drone_0
4,11,22.325673016414527,True,1,18.450000000000127,5.486855012467133,kill,drone_0
4,12,-2.402666246436251,True,0,18.400000000000126,7.390521175042997,miss,
4,13,-11.415893725268218,True,1,18.500000000000128,7.19284727655356,kill,drone_1
4,14,-16.90130345935517,True,1,18.500000000000128,5.720682458107786,kill,drone_1
4,15,7.653363668692322,True,1,18.400000000000126,6.758006909846982,kill,drone_0
4,16,20.957586234954626,True,1,18.450000000000127,5.650109743123718,kill,drone_0
4,17,14.559920935324394,True,0,18.400000000000126,7.05020971201205,miss,
4,18,-24.55527030455911,True,1,18.55000000000013,5.855992545951236,kill,drone_1
4,19,4.695761067179365,True,1,18.400000000000126,6.5971177387091124,kill,drone_0
4,20,14.949405709452739,True,0,18.400000000000126,6.183744634468083,miss,
4,21,-15.159162530683137,True,1,18.500000000000128,6.90795278706061,kill,drone_1
4,22,-4.552180879771093,True,1,18.400000000000126,7.439677484575044,kill,drone_0
4,23,19.26220091394474,True,1,18.450000000000127,6.714804067989205,kill,drone_0
4,24,-14.509065581324235,True,1,18.500000000000128,6.446362849336327,kill,drone_1
4,25,-19.6656606361841,True,1,18.55000000000013,5.693346325915342,kill,drone_1
4,26,-21.66062494242189,True,1,18.55000000000013,5.800827843513416,kill,drone_1
4,27,-12.064071052412478,True,1,18.500000000000128,7.226566073247273,kill,drone_1
4,28,-0.5739087218276033,True,1,18.400000000000126,7.4905196747593505,kill,drone_0
4,29,-23.633277752959504,True,0,18.55000000000013,5.588017697516887,miss,
4,30,4.106572787370421,True,0,18.400000000000126,7.148949274194293,miss,
4,31,-0.11156612276246847,True,0,18.400000000000126,6.631490703146419,miss,
4,32,-9.969242172407771,True,1,18.500000000000128,7.413899583472788,kill,drone_1
4,33,-20.02080205394191,True,1,18.55000000000013,6.446504797422221,kill,drone_1
4,34,8.871392290354137,True,0,18.400000000000126,7.241154361179622,miss,
4,35,6.834970372585698,True,1,18.400000000000126,6.208061182747191,kill,drone_0
4,36,14.817691040174587,True,1,18.400000000000126,6.249988413083553,kill,drone_0
4,37,-1.3516907513189302,True,1,18.400000000000126,7.972855920203997,kill,drone_0
4,38,16.168510416219966,True,1,18.450000000000127,5.223839917515993,kill,drone_0
4,39,-14.4976952583699,True,1,18.500000000000128,6.954225420586856,kill,drone_1
4,40,-12.325902583672004,True,1,18.500000000000128,6.441870831672242,kill,drone_1
4,41,16.893191061075797,True,1,18.450000000000127,4.942923934008602,kill,drone_0
4,42,-10.465885588567453,True,1,18.500000000000128,7.650240907808321,kill,drone_1
4,43,-19.71442048855355,True,1,18.55000000000013,5.916696066768974,kill,drone_1
4,44,10.020474698130542,True,1,18.400000000000126,8.106586989346406,kill,drone_0
4,45,-10.396822701374003,True,1,18.500000000000128,6.9023095782753074,kill,drone_1
4,46,22.98245876815114,True,1,18.450000000000127,4.897078100476659,kill,drone_0
4,47,24.66880418066291,True,1,18.500000000000128,5.3609637841576605,kill,drone_0
4,48,18.153731307238345,True,1,18.450000000000127,5.571395918831706,kill,drone_0
4,49,23.12621207325372,True,1,18.450000000000127,4.483567268635613,kill,drone_0
4,50,20.446466860777853,True,1,18.450000000000127,5.377316655030118,kill,drone_0
4,51,-14.323227105344,True,1,18.500000000000128,6.828824592485863,kill,drone_1
4,52,-4.8525980575473255,True,1,18.400000000000126,6.4407790678072985,kill,drone_0
4,53,-1.8531535816907976,True,0,18.400000000000126,6.918193819802156,miss,
4,54,-23.64018837446996,True,1,18.55000000000013,5.914405775398022,kill,drone_1
4,55,15.099779092928308,True,1,18.400000000000126,6.651239579649247,kill,drone_0
4,56,5.18343108722873,True,1,18.400000000000126,6.708312227130346,kill,drone_0
4,57,-12.994318236438586,True,1,18.500000000000128,7.027470745168808,kill,drone_1
4,58,24.494443528390622,True,1,18.500000000000128,5.626478894660949,kill,drone_0
4,59,-16.60755934290451,True,0,18.500000000000128,7.931931218040239,miss,
6,0,17.033975520500874,True,1,18.450000000000127,5.013660023263107,kill,drone_0
6,1,-2.2098446148463964,True,1,18.400000000000126,7.702068340455856,kill,drone_0
6,2,-11.147542148610762,True,1,18.500000000000128,7.669293934934009,kill,drone_1
6,3,11.892520047465538,True,1,18.400000000000126,6.296720379617536,kill,drone_0
6,4,-6.338647919207229,True,0,18.450000000000127,8.133889412240022,miss,
6,5,10.933218302718828,True,0,18.400000000000126,6.762015603371877,miss,
6,6,-21.6965680087414,True,1,18.55000000000013,7.197136971093498,kill,drone_1
6,7,-10.871527947579757,True,0,18.500000000000128,6.887586090521116,miss,
6,8,-1.3868247876135946,True,0,18.400000000000126,7.731581641318272,miss,
6,9,2.980180909099328,True,1,18.400000000000126,6.738063057906688,kill,drone_0
6,10,-1.155704213620112,True,0,18.400000000000126,7.649603049416201,miss,
6,11,-11.351139976843438,True,1,18.500000000000128,6.514083156314137,kill,drone_1
6,12,22.785963652146982,True,1,18.450000000000127,5.738622024824043,kill,drone_0
6,13,11.206109192969343,True,1,18.400000000000126,6.369055238642708,kill,drone_0
6,14,-12.390918081235652,True,1,18.500000000000128,7.538316624943423,kill,drone_1
6,15,-6.5121911546149285,True,1,18.450000000000127,7.7179071396723025,kill,drone_0
6,16,5.798208897653919,True,1,18.400000000000126,6.8200257442590075,kill,drone_0
6,17,11.8119976084025,True,1,18.400000000000126,5.079188360883214,kill,drone_0
6,18,-9.122782765182812,True,0,18.450000000000127,6.6603851465336055,miss,
6,19,-14.959677388005737,True,1,18.500000000000128,6.339893266220784,kill,drone_1
6,20,17.6494260951319,True,1,18.450000000000127,6.994406790779564,kill,drone_0
6,21,-6.199209393351644,True,1,18.450000000000127,8.652280211969547,kill,drone_0
6,22,9.206173452903435,True,0,18.400000000000126,6.31435793625316,miss,
6,23,4.03211920960349,True,0,18.400000000000126,6.882864412219695,miss,
6,24,4.17746466474842,True,0,18.400000000000126,6.816647742180492,miss,
6,25,16.22803055198736,True,0,18.400000000000126,6.381681291529705,miss,
6,26,10.145860215749359,True,1,18.400000000000126,6.053827262931037,kill,drone_0
6,27,17.63331965784002,True,1,18.450000000000127,7.089385109448488,kill,drone_0
6,28,0.521397360578618,True,0,18.400000000000126,7.784503647114965,miss,
6,29,-22.725939826312448,True,1,18.55000000000013,6.74710267551538,kill,drone_1
6,30,-23.283894013572777,True,1,18.55000000000013,6.481132922178926,kill,drone_1
6,31,-9.888566833884195,True,1,18.500000000000128,8.381038682915044,kill,drone_1
6,32,8.722011734801768,True,1,18.400000000000126,6.698395948049469,kill,drone_0
6,33,12.713660060308591,True,0,18.400000000000126,7.156691236193224,miss,
6,34,6.657537812476871,True,1,18.400000000000126,5.659774268090287,kill,drone_0
6,35,-3.612622945588732,True,0,18.400000000000126,7.6593868498589766,miss,
6,36,10.567650719006942,True,0,18.400000000000126,5.37784999688505,miss,
6,37,-6.059617523686577,True,1,18.450000000000127,6.60424795346844,kill,drone_0
6,38,22.96112855758932,True,1,18.500000000000128,4.886264796227682,kill,drone_0
6,39,20.037950182922806,True,0,18.450000000000127,5.491945586769861,miss,
6,40,11.072965397219207,True,0,18.400000000000126,7.578654090651886,miss,
6,41,24.401707922514113,True,1,18.500000000000128,5.7609444675601615,kill,drone_0
6,42,-7.648085286046786,True,1,18.450000000000127,7.808023568007621,kill,drone_0
6,43,4.398014936395445,True,1,18.400000000000126,6.783661550632457,kill,drone_0
6,44,-4.759715865250811,True,1,18.450000000000127,6.293854960865768,kill,drone_0
6,45,-15.745570493433899,True,1,18.500000000000128,7.635830441823039,kill,drone_1
6,46,4.160727840750599,True,1,18.400000000000126,7.766637487586271,kill,drone_0
6,47,-23.560861775265675,True,0,18.55000000000013,7.556289909875554,miss,
6,48,-0.024824731937140854,True,1,18.400000000000126,6.584488807733493,kill,drone_0
6,49,16.68934097977082,True,0,18.450000000000127,4.953717786957407,miss,
6,50,24.878054079620853,True,1,18.500000000000128,6.110905196175311,kill,drone_0
6,51,-1.2889869166999084,True,1,18.400000000000126,7.4974678146880285,kill,drone_0
6,52,20.219250262279893,True,0,18.450000000000127,6.946556591248709,miss,
6,53,1.6673343693919807,True,0,18.400000000000126,6.200788998727022,miss,
6,54,-7.221857357029748,True,1,18.450000000000127,7.117199299278825,kill,drone_0
6,55,7.951043632536461,True,1,18.400000000000126,6.909818667183495,kill,drone_0
6,56,3.1309620806200265,True,0,18.400000000000126,7.286658664329132,miss,
6,57,-22.798014333540483,True,1,18.55000000000013,7.421795569893677,kill,drone_1
6,58,0.10778224324763386,True,1,18.400000000000126,7.403095244241272,kill,drone_0
6,59,-23.866309612520965,True,0,18.55000000000013,5.4336028292324645,miss,
8,0,-9.760656493450636,True,1,18.500000000000128,8.671122516653144,kill,drone_1
8,1,-12.27383836183824,True,1,18.500000000000128,6.5230741300272,kill,drone_1
8,2,-20.771343909155917,True,1,18.55000000000013,7.077720615987312,kill,drone_1
8,3,24.12737360345325,True,0,18.500000000000128,4.860826934869224,miss,
8,4,13.972216072199778,True,1,18.400000000000126,6.264358313729992,kill,drone_0
8,5,-14.904433817223461,True,1,18.500000000000128,7.65835316314775,kill,drone_1
8,6,5.886177235168784,True,1,18.400000000000126,6.488418112427632,kill,drone_0
8,7,-14.63936738430688,True,0,18.500000000000128,7.209625400025918,miss,
8,8,-10.89681394385389,True,1,18.500000000000128,6.796836248951416,kill,drone_1
8,9,-0.8859007881998515,True,1,18.400000000000126,7.6039128295061476,kill,drone_0
8,10,-15.068620302978747,True,0,18.500000000000128,6.494429088684291,miss,
8,11,22.653730255710904,True,1,18.450000000000127,5.814992968861269,kill,drone_0
8,12,10.30522023432951,True,0,18.400000000000126,5.591548541179915,miss,
8,13,15.475173517521418,True,1,18.400000000000126,4.783759308654968,kill,drone_0
8,14,-11.5571056866983,True,1,18.500000000000128,7.582104794859333,kill,drone_1
8,15,-10.581482126963094,True,1,18.500000000000128,7.821373900635456,kill,drone_1
8,16,-0.42570409818122457,True,1,18.400000000000126,7.198673545265261,kill,drone_0
8,17,7.5972940187387366,True,1,18.400000000000126,7.218197737198396,kill,drone_0
8,18,20.695434022011774,True,0,18.450000000000127,5.784706615020778,miss,
8,19,-14.216470541236404,True,1,18.500000000000128,6.494676923916143,kill,drone_1
8,20,-15.268641054208556,True,1,18.500000000000128,6.741640221963772,kill,drone_1
8,21,-7.814848295834783,True,1,18.450000000000127,7.522811778198764,kill,drone_0
8,22,6.230719003127017,True,0,18.400000000000126,7.18005888124563,miss,
8,23,-15.276976168838745,True,1,18.500000000000128,6.76765397797843,kill,drone_1
8,24,24.39118818942609,True,1,18.500000000000128,6.372897365305164,kill,drone_0
8,25,3.9628694903264865,True,1,18.400000000000126,7.093302615013529,kill,drone_0
8,26,-11.091070365388923,True,0,18.500000000000128,7.15494139725457,miss,
8,27,-14.721143091059245,True,1,18.500000000000128,7.274950944309641,kill,drone_1
8,28,16.87518274497115,True,0,18.450000000000127,7.821842341823543,miss,
8,29,18.774385909667743,True,1,18.450000000000127,6.416706003550091,kill,drone_0
8,30,22.561795842293908,True,1,18.450000000000127,5.775737564292772,kill,drone_0
8,31,-7.148073332080379,True,0,18.450000000000127,6.937843031196496,miss,
8,32,-7.08989507584203,True,1,18.450000000000127,7.620307965426388,kill,drone_0
8,33,1.2109178863420347,True,1,18.400000000000126,7.089284654896648,kill,drone_0
8,34,0.49898875879011945,True,1,18.400000000000126,6.219972449591763,kill,drone_0
8,35,-1.5601379457297782,True,1,18.400000000000126,6.313395417012013,kill,drone_0
8,36,-18.74889573188938,True,1,18.55000000000013,5.052894498119428,kill,drone_1
8,37,19.24123970329166,True,1,18.450000000000127,7.049691599630459,kill,drone_0
8,38,20.4885637086236,True,1,18.450000000000127,5.122828340944805,kill,drone_0
8,39,-2.9738337393160776,True,1,18.400000000000126,6.579432788147828,kill,drone_0
8,40,16.726329503015833,True,1,18.450000000000127,4.858420466226628,kill,drone_0
8,41,-8.731578565977998,True,1,18.450000000000127,6.83379832413849,kill,drone_0
8,42,-6.21377453838015,True,0,18.450000000000127,6.860636349692323,miss,
8,43,16.27136906506744,True,0,18.450000000000127,5.47082126655327,miss,
8,44,-22.08720271752307,True,1,18.55000000000013,7.576926358116129,kill,drone_1
8,45,-12.86586646648124,True,1,18.500000000000128,6.5140593506677,kill,drone_1
8,46,5.410419819159635,True,1,18.400000000000126,6.722192505057781,kill,drone_0
8,47,-3.320808474787256,True,1,18.400000000000126,6.524530244023615,kill,drone_0
8,48,-20.923479951446232,True,0,18.55000000000013,5.687391021402785,miss,
8,49,23.699122194145815,True,1,18.500000000000128,5.471162439525624,kill,drone_0
8,50,-13.702826314254912,True,1,18.500000000000128,6.90424033146826,kill,drone_1
8,51,0.8045335760372261,True,0,18.400000000000126,6.427655585853064,miss,
8,52,-8.294485557065322,True,1,18.450000000000127,7.4683771969791435,kill,drone_0
8,53,12.809006964547706,True,1,18.400000000000126,7.0482545649343775,kill,drone_0
8,54,-13.822768176960171,True,0,18.500000000000128,7.449268054993136,miss,
8,55,5.454051277651352,True,1,18.400000000000126,6.394162033452667,kill,drone_0
8,56,12.908483835196009,True,1,18.400000000000126,6.3012864752677995,kill,drone_0
8,57,-1.0357079334510573,True,1,18.400000000000126,6.781974133960112,kill,drone_0
8,58,-19.64034352115739,True,1,18.55000000000013,5.336487114190867,kill,drone_1
8,59,-3.7471783704550456,True,1,18.400000000000126,7.377847545780425,kill,drone_0
